text,annotator_a,notes,annotator_b,agree
Is it crazy to say Jokic is the worst player to have the “Best In the World” title in modern NBA history?,hot_take,"heuristic_fallback:Error code: 401 - {'error': {'message': 'Invalid API Key', 'type': 'invalid_request_error', 'code': 'invalid_api_key'}}",hot_take,True
Only a handful of rings should count...,reaction,"heuristic_fallback:Error code: 401 - {'error': {'message': 'Invalid API Key', 'type': 'invalid_request_error', 'code': 'invalid_api_key'}}",reaction,True
Pascal Siakam (Raptors2019) OG Anunoby (Raptors 2019) Alex Caruso (Lakers 2020) Thomas Bryant (Nuggets 2022),analysis,"heuristic_fallback:Error code: 401 - {'error': {'message': 'Invalid API Key', 'type': 'invalid_request_error', 'code': 'invalid_api_key'}}",analysis,True
OKC losers actually flaming jokic is insane,reaction,"heuristic_fallback:Error code: 401 - {'error': {'message': 'Invalid API Key', 'type': 'invalid_request_error', 'code': 'invalid_api_key'}}",reaction,True
Bill Simmons and Ryen Russilo discuss a Giannis for Evan Mobley straight up trade and agree it's fair and both teams would agree,hot_take,"heuristic_fallback:Error code: 401 - {'error': {'message': 'Invalid API Key', 'type': 'invalid_request_error', 'code': 'invalid_api_key'}}",hot_take,True
Alex Caruso highlights from game 7,hot_take,"heuristic_fallback:Error code: 401 - {'error': {'message': 'Invalid API Key', 'type': 'invalid_request_error', 'code': 'invalid_api_key'}}",reaction,False
Thibs sticks to what he knows (sometimes at the detriment of the team). To this point it has gotten us to the ECF but its clear we can tap into more rotation wise. Thibs loves Josh Hart and Hart is a great player but he kind of kills the half-court offense because teams put their Center on him and sag off. Against Boston he shot **42%** from 3 we are going to need him to keep that up if we are going to have a shot.,analysis,"heuristic_fallback:Error code: 401 - {'error': {'message': 'Invalid API Key', 'type': 'invalid_request_error', 'code': 'invalid_api_key'}}",analysis,True
Almost all sports are like this,reaction,"heuristic_fallback:Error code: 401 - {'error': {'message': 'Invalid API Key', 'type': 'invalid_request_error', 'code': 'invalid_api_key'}}",reaction,True
"[Stein]The Bucks, league sources say, remain hopeful Giannis Antetokounmpo will decide against asking to be dealt after a third successive first-round playoff exit and choose instead to extend a career that has spanned 12 seasons as a Buck to date.",hot_take,"heuristic_fallback:Error code: 401 - {'error': {'message': 'Invalid API Key', 'type': 'invalid_request_error', 'code': 'invalid_api_key'}}",analysis,False
Alex Caruso highlights from game 7.,hot_take,"heuristic_fallback:Error code: 401 - {'error': {'message': 'Invalid API Key', 'type': 'invalid_request_error', 'code': 'invalid_api_key'}}",reaction,False
"Interesting observation since the current era of NBA stars has been dominated by European stars like Luka, Jokic and Giannis 2025 - Brunson (Knicks), Haliburton (Pacers) | Ant (Timberwolves), SGA (Thunder) 2015 - Milsap/Teague/Horford (Hawks), Lebron (Cavaliers) | Harden (Rockets), Curry (Warriors)",analysis,"heuristic_fallback:Error code: 401 - {'error': {'message': 'Invalid API Key', 'type': 'invalid_request_error', 'code': 'invalid_api_key'}}",analysis,True
Commercials (and using replay challenges and fouls/timeouts to slam more of them into the broadcast) have gone too far.,hot_take,"heuristic_fallback:Error code: 401 - {'error': {'message': 'Invalid API Key', 'type': 'invalid_request_error', 'code': 'invalid_api_key'}}",hot_take,True
[Highlight] Aaron Gordon splashes the 3-pointer,hot_take,"heuristic_fallback:Error code: 401 - {'error': {'message': 'Invalid API Key', 'type': 'invalid_request_error', 'code': 'invalid_api_key'}}",reaction,False
"Where do you think he'll play next year? I know he is a divisive figure but, in my opinion, he does deserve a ring.",hot_take,"heuristic_fallback:Error code: 401 - {'error': {'message': 'Invalid API Key', 'type': 'invalid_request_error', 'code': 'invalid_api_key'}}",hot_take,True
Who’s better all time Duncan or Jokic?,reaction,"heuristic_fallback:Error code: 401 - {'error': {'message': 'Invalid API Key', 'type': 'invalid_request_error', 'code': 'invalid_api_key'}}",reaction,True
The game is already scripted,reaction,"heuristic_fallback:Error code: 401 - {'error': {'message': 'Invalid API Key', 'type': 'invalid_request_error', 'code': 'invalid_api_key'}}",reaction,True
We’ve officially started a new era,reaction,"heuristic_fallback:Error code: 401 - {'error': {'message': 'Invalid API Key', 'type': 'invalid_request_error', 'code': 'invalid_api_key'}}",reaction,True
"Gilgeous-Alexander finished the regular season as the first Canadian to lead the NBA in scoring and the third international player to achieve the feat. He finished the season with the most 20-point games (75), 30-point games (49), 40-point games (13) and 50-point games (4). His streak of 72 consecutive games scoring at least 20 points became the longest such streak in NBA history, eclipsing Michael Jordan’s previous record. It was also Gilgeous-Alexander’s third consecutive season averaging at least 30 points, joining a list occupied by Michael Jordan, Wilt Chamberlain, Oscar Robertson, Kareem Abdul-Jabbar, James Harden and Bob McAdoo. He has now made a conference finals and probably has won MVP",analysis,"heuristic_fallback:Error code: 401 - {'error': {'message': 'Invalid API Key', 'type': 'invalid_request_error', 'code': 'invalid_api_key'}}",analysis,True
"Nikola Jokic has gone the first 839 games of his career without having a teammate who was an All-Star, All-NBA or All-Defensive player that season. Of the ~5000 players in NBA history, he’s the only one to go his first 700+ career games without such a teammate. Insane",analysis,"heuristic_fallback:Error code: 401 - {'error': {'message': 'Invalid API Key', 'type': 'invalid_request_error', 'code': 'invalid_api_key'}}",analysis,True
Will Joker Be Asking Out?,reaction,"heuristic_fallback:Error code: 401 - {'error': {'message': 'Invalid API Key', 'type': 'invalid_request_error', 'code': 'invalid_api_key'}}",reaction,True
Jokic fan with a confession,reaction,"heuristic_fallback:Error code: 401 - {'error': {'message': 'Invalid API Key', 'type': 'invalid_request_error', 'code': 'invalid_api_key'}}",reaction,True
"As a player yes, as a fan I hate waiting.",reaction,"heuristic_fallback:Error code: 401 - {'error': {'message': 'Invalid API Key', 'type': 'invalid_request_error', 'code': 'invalid_api_key'}}",reaction,True
is luke docick overrated,hot_take,"heuristic_fallback:Error code: 401 - {'error': {'message': 'Invalid API Key', 'type': 'invalid_request_error', 'code': 'invalid_api_key'}}",hot_take,True
This kid changed history,reaction,"heuristic_fallback:Error code: 401 - {'error': {'message': 'Invalid API Key', 'type': 'invalid_request_error', 'code': 'invalid_api_key'}}",reaction,True
"That’s not the actual reason. They move series start dates all the time; if the Thunder had beat the Nuggets in 6, game 1 was going to be yesterday instead of tomorrow.",analysis,"heuristic_fallback:Error code: 401 - {'error': {'message': 'Invalid API Key', 'type': 'invalid_request_error', 'code': 'invalid_api_key'}}",analysis,True
Only if they sacrifice half their paycheck.,reaction,"heuristic_fallback:Error code: 401 - {'error': {'message': 'Invalid API Key', 'type': 'invalid_request_error', 'code': 'invalid_api_key'}}",reaction,True
"Nikola Jokic on how this offseason will be compared to last: ""The next couple of days is gonna be a lot of beer probably""",analysis,"heuristic_fallback:Error code: 401 - {'error': {'message': 'Invalid API Key', 'type': 'invalid_request_error', 'code': 'invalid_api_key'}}",hot_take,False
"Net Rating: +11 (2nd best lineup min 150min) ORTG: 119 DRTG: 108 282 minutes (most out of any playoff lineup out of necessity) So if they were so elite why did they end up in two 7 game series and ultimately losing? Well its because they basically got destroyed anytime that any healthy starter was out. Jokic off -24 Braun off -25 Gordon off -26 Murray off -54 (big reason why he led the league in playoff minutes per game and in total minutes they were getting obliterated when he was off) Every game it was the same script the starters start off well, the first subs come in and they start losing, the starters try to close the game while not gassing out. Today was a great example of this once again happening when the Nuggets were up 11 until Russell Westbrook checked in following Peyton Watson shortly after and the Thunder immediately cut it to 5. Hopefully this kills the Jokic superman +/- narrative since Jokic had a -24 net rating when he played without Jamal Murray. This is going to be the 2nd out of the last 3 playoff runs that Jokic is a negative when he plays without Murray.(-11 in 22/23) This doesn’t mean that Jokic is dependent on Jamal but basketball is a team game and every player plays a part. The whole 1 player carrying concept has always been asinine. Jokic and Murray together without Gordon were a -19 so 2 players carrying isn’t possible either. Depth matters and like we just saw for the Nuggets 5 players isn’t enough to win a championship.",analysis,"heuristic_fallback:Error code: 401 - {'error': {'message': 'Invalid API Key', 'type': 'invalid_request_error', 'code': 'invalid_api_key'}}",analysis,True
Tim Connelly built the championship roster. Calvin Booth systematically dismembered it and replaced it with a roster that looks like a rebuilding team outside of the starting 5,hot_take,"heuristic_fallback:Error code: 401 - {'error': {'message': 'Invalid API Key', 'type': 'invalid_request_error', 'code': 'invalid_api_key'}}",analysis,False
SGA flops on the “elbow to the face”,reaction,"heuristic_fallback:Error code: 401 - {'error': {'message': 'Invalid API Key', 'type': 'invalid_request_error', 'code': 'invalid_api_key'}}",reaction,True
"Dating back to 2019, the last 6 NBA championships have been won by 6 different team. With the Nuggets, Warriors, and Celtics losing in the second round, the 2025 championship will be won by a different team as well. For the first time in NBA history, there will be 7 different champions in a 7 year span: - 2019 Champion: Raptors - 2020 Champion: Lakers - 2021 Champion: Bucks - 2022 Champion: Warriors - 2023 Champion: Nuggets - 2024 Champion: Celtics - 2025 Champion: It will be the Pacers, Knicks, Timberwolves, or Thunder [Looking through all the other champions in NBA history](https://en.m.wikipedia.org/wiki/List_of_NBA_champions), there is only one instance that came close to this (6 different champions in 6 years): - 1975 Champion: Warriors - 1976 Champion: Celtics - 1977 Champion: Blazers - 1978 Champion: Bullets - 1979 Champion: Supersonics - 1980 Champion: Lakers It appears that the NBA has successfully achieved its goal of eliminating dynasties. By the metric of championships, this is the most parity that the league has had in its history.",analysis,"heuristic_fallback:Error code: 401 - {'error': {'message': 'Invalid API Key', 'type': 'invalid_request_error', 'code': 'invalid_api_key'}}",analysis,True
Vince Carter dunk with key Glock music 🔥🔥🔥🔥,reaction,"heuristic_fallback:Error code: 401 - {'error': {'message': 'Invalid API Key', 'type': 'invalid_request_error', 'code': 'invalid_api_key'}}",reaction,True
I’ve been running down options for teams this upcoming season and just curious how sign and trades work. For example: Could GS sign and trade kuminga for someone currently on a contract like Vucevic?,hot_take,"heuristic_fallback:Error code: 401 - {'error': {'message': 'Invalid API Key', 'type': 'invalid_request_error', 'code': 'invalid_api_key'}}",hot_take,True
I love it. Both AG and BE are hot af!!,reaction,"heuristic_fallback:Error code: 401 - {'error': {'message': 'Invalid API Key', 'type': 'invalid_request_error', 'code': 'invalid_api_key'}}",reaction,True
Basically the better team just locks in lol,reaction,"heuristic_fallback:Error code: 401 - {'error': {'message': 'Invalid API Key', 'type': 'invalid_request_error', 'code': 'invalid_api_key'}}",reaction,True
